<?xml version="1.0" encoding="UTF-8"?>
<configurationDescriptor version="100">
  <projectmakefile>Makefile</projectmakefile>
  <confs>
    <conf name="Debug" type="1">
      <toolsSet>
        <developmentServer>localhost</developmentServer>
        <platform>2</platform>
      </toolsSet>
      <dbx_gdbdebugger version="1">
        <gdb_pathmaps>
        </gdb_pathmaps>
        <gdb_interceptlist>
          <gdbinterceptoptions gdb_all="false" gdb_unhandled="true" gdb_unexpected="true"/>
        </gdb_interceptlist>
        <gdb_signals>
        </gdb_signals>
        <gdb_options>
          <DebugOptions>
          </DebugOptions>
        </gdb_options>
        <gdb_buildfirst gdb_buildfirst_overriden="false" gdb_buildfirst_old="false"/>
      </dbx_gdbdebugger>
      <nativedebugger version="1">
        <engine>gdb</engine>
      </nativedebugger>
      <runprofile version="9">
        <runcommandpicklist>
          <runcommandpicklistitem>"${OUTPUT_PATH}"</runcommandpicklistitem>
          <runcommandpicklistitem>"${OUTPUT_PATH}" allocator1.txt</runcommandpicklistitem>
          <runcommandpicklistitem>"${OUTPUT_PATH}" allocator2.txt</runcommandpicklistitem>
          <runcommandpicklistitem>"${OUTPUT_PATH}" trace1v.txt</runcommandpicklistitem>
          <runcommandpicklistitem>"${OUTPUT_PATH}" trace2v_multi-page.txt</runcommandpicklistitem>
          <runcommandpicklistitem>"${OUTPUT_PATH}" trace3v_edge-addr.txt</runcommandpicklistitem>
          <runcommandpicklistitem>"${OUTPUT_PATH}" trace4v_wprotect.txt</runcommandpicklistitem>
          <runcommandpicklistitem>"${OUTPUT_PATH}" trace5v_pagefaults.txt</runcommandpicklistitem>
        </runcommandpicklist>
        <runcommand>"${OUTPUT_PATH}" trace5v_pagefaults.txt</runcommand>
        <rundir></rundir>
        <buildfirst>true</buildfirst>
        <console-type>2</console-type>
        <terminal-type>0</terminal-type>
        <remove-instrumentation>0</remove-instrumentation>
        <environment>
        </environment>
      </runprofile>
    </conf>
    <conf name="Release" type="1">
      <toolsSet>
        <developmentServer>localhost</developmentServer>
        <platform>2</platform>
      </toolsSet>
      <dbx_gdbdebugger version="1">
        <gdb_pathmaps>
        </gdb_pathmaps>
        <gdb_interceptlist>
          <gdbinterceptoptions gdb_all="false" gdb_unhandled="true" gdb_unexpected="true"/>
        </gdb_interceptlist>
        <gdb_options>
          <DebugOptions>
          </DebugOptions>
        </gdb_options>
        <gdb_buildfirst gdb_buildfirst_overriden="false" gdb_buildfirst_old="false"/>
      </dbx_gdbdebugger>
      <nativedebugger version="1">
        <engine>gdb</engine>
      </nativedebugger>
      <runprofile version="9">
        <runcommandpicklist>
          <runcommandpicklistitem>"${OUTPUT_PATH}"</runcommandpicklistitem>
          <runcommandpicklistitem>"${OUTPUT_PATH}" trace1v.txt</runcommandpicklistitem>
          <runcommandpicklistitem>"${OUTPUT_PATH}" trace2v_multi-page.txt</runcommandpicklistitem>
          <runcommandpicklistitem>"${OUTPUT_PATH}" trace3v_edge-addr.txt</runcommandpicklistitem>
          <runcommandpicklistitem>"${OUTPUT_PATH}" trace4v_wprotect.txt</runcommandpicklistitem>
          <runcommandpicklistitem>"${OUTPUT_PATH}" trace5v_pagefaults.txt</runcommandpicklistitem>
        </runcommandpicklist>
        <runcommand>"${OUTPUT_PATH}" trace5v_pagefaults.txt</runcommand>
        <rundir></rundir>
        <buildfirst>true</buildfirst>
        <console-type>2</console-type>
        <terminal-type>0</terminal-type>
        <remove-instrumentation>0</remove-instrumentation>
        <environment>
        </environment>
      </runprofile>
    </conf>
  </confs>
</configurationDescriptor>
